--PASSWORD: QUE1chC2Jv
insert into USER_ENTITY (id, username, password, email, avatar, biography, phone, birthday, account_non_expired, account_non_locked, credentials_non_expired, roles, enabled, created_at) values ('51057cde-9852-4cd5-be5e-091979495656', 'wbeetham0', '{bcrypt}$2a$12$Zhv2Nz2YX7M3uwCvWa4b1eO.4SdA7ziKlyhR1Yn48FNhL/2Txlzbi','wbeetham0@gmail.com', 'avatar.png', 'Hi i am a new in that!', '3908006159', '2004-12-29', true, true, true, 'USER, ADMIN', true, current_timestamp);

--PASSWORD: 8dNbnHaX
insert into USER_ENTITY (id, username, password, email,avatar, biography, phone, birthday, account_non_expired, account_non_locked, credentials_non_expired, roles, enabled, created_at) values ('d8825758-d02a-4bcc-8146-95fb6fa3ded7', 'bmacalester1', '{bcrypt}$2a$12$4LadIZ.zR6V1ZA3XInqco.YRSTWOcvugrYR9tjHei2cGxstemqro2', 'bmacalester1@hotmail.com','avatar.png', '', '3011096944', '2002-04-02', true, true, true, 'USER', true, current_timestamp);
--PASSWORD: udTJZiX

insert into USER_ENTITY (id, username, password, email,avatar, biography, phone, birthday, account_non_expired, account_non_locked, credentials_non_expired, roles, enabled, created_at) values ('eabbe12c-363e-49ff-8b0f-cad8daca9bf9', 'hpitt2', '{bcrypt}$2a$12$.yWv2EGosuZ5iAREo4Ur7OBYSbGal.I8P2tzKShTq7Jnc9mHnXFP2','hpitt2@gmail.com','avatar.png', '', '1881171532', '1995-11-22', true, true, true, 'USER', true, current_timestamp);
--PASSWORD: mevBWSJ

insert into USER_ENTITY (id, username, password, email,avatar, biography, phone, birthday, account_non_expired, account_non_locked, credentials_non_expired, roles, enabled, created_at) values ('7f73bbb2-929b-4228-bfef-46cfaf8e2dfa', 'gpiddletown3', '{bcrypt}$2a$12$l.g2vvaoQX10tOX1ndfOaOa2qfjolieof00Vv.NnpNdLQ/U1DPcp.','gpiddletown3@yahoo.com', 'avatar.png', '', '2905807677', '2001-05-16', true, true, true, 'USER', true, current_timestamp);
--PASSWORD: mjx8zIJ1Cf

insert into USER_ENTITY (id, username, password, email,avatar, biography, phone, birthday, account_non_expired, account_non_locked, credentials_non_expired, roles, enabled, created_at) values ('e814eaf6-64b2-423c-a94e-82c5a09da4dd', 'fpoulter4', '{bcrypt}$2a$12$CSmx/ZV1d3aMyo6IdYCC7eBpdBO6MGuOjsab9K0ev5x5gJ6NwByc.', 'fpoulter4@gmail.com','avatar.png', '', '5481271373', '1985-02-28', true, true, true, 'USER', true, current_timestamp);
--PASSWORD: yAapYmexhc1i

insert into USER_ENTITY (id, username, password, email,avatar, biography, phone, birthday, account_non_expired, account_non_locked, credentials_non_expired, roles, enabled, created_at) values ('cc1692e1-f031-4675-a0b1-96aeeada21aa', 'cbalmer5', '{bcrypt}$2a$12$c7J2loQwfm6rbLSCDoJlEuporUWDwgGkPL/Z0f5j24O7BDf03sgwW','cbalmer5@gmail.com', 'avatar.png', '', '1273066308', '1997-05-11', true, true, true, 'USER', true, current_timestamp);
--PASSWORD: QdJeYsw

insert into USER_ENTITY (id, username, password, email,avatar, biography, phone, birthday, account_non_expired, account_non_locked, credentials_non_expired, roles, enabled, created_at) values ('abb9feac-f0ec-45cf-91a9-5d21c789da2d', 'ccliss6', '{bcrypt}$2a$12$pdIyBsiv2vbY224w9t7KKO.CiyH4dgjQsOm.xB5UVeq02NEI9ZhUe', 'ccliss6@hotmail.com','avatar.png', '', '3248938182', '1997-12-06', true, true, true, 'USER', true, current_timestamp);
--PASSWORD: DujVuf4

insert into USER_ENTITY (id, username, password, email,avatar, biography, phone, birthday, account_non_expired, account_non_locked, credentials_non_expired, roles, enabled, created_at) values ('6e245baa-4865-45be-99f0-33d548b16887', 'mdeverell7', '{bcrypt}$2a$12$CAOHuNGN0XARL6UIdm6x5.29gHAJ0Hmi1rMYy9OcG6VYt6jXf9c.G','mdeverell7@gmail.com', 'avatar.png', '', '4569481660', '1991-12-15', true, true, true, 'USER', true, current_timestamp);
--PASSWORD: 1nQjkDVl11

insert into USER_ENTITY (id, username, password, email,avatar, biography, phone, birthday, account_non_expired, account_non_locked, credentials_non_expired, roles, enabled, created_at) values ('563d2700-0c3c-4276-a4c4-55f861ebe90a', 'nchoppen8', '{bcrypt}$2a$12$oasvxVjIWwZf9Y9eilJZFuE.NCIXkOcT9TSRlecxbqrYYs9HTl1Ga','nchoppen8@hotmail.com', 'avatar.png', '', '7737875221', '1988-10-12', true, true, true, 'USER', true, current_timestamp);
--PASSWORD: ajAsn7lsd

insert into USER_ENTITY (id, username, password, email,avatar, biography, phone, birthday, account_non_expired, account_non_locked, credentials_non_expired, roles, enabled, created_at) values ('9905d7cf-66c1-40d5-a1de-3c1de754b030', 'wpalphramand9', '{bcrypt}$2a$12$8KaV785mB1w8ljIyTAZHkuWJ7Jjwl25UexURVuCQ1T8HV97sFgaA.', 'wpalphramand9@yahoo.com','avatar.png', '', '2724869082', '1980-06-26', true, true, true, 'USER', true, current_timestamp);



insert into POST_ENTITY (id, tag, description, image, upload_date, user_id) values (1, 'CR7', '', 'cr7.jpg', current_timestamp, '51057cde-9852-4cd5-be5e-091979495656');
insert into POST_ENTITY (id, tag, description, image, upload_date, user_id) values (2, 'CR7', '', 'cr7.jpg', current_timestamp, '51057cde-9852-4cd5-be5e-091979495656');
insert into POST_ENTITY (id, tag, description, image, upload_date, user_id) values (3, 'CR7', '', 'cr7.jpg', current_timestamp, 'd8825758-d02a-4bcc-8146-95fb6fa3ded7');
insert into POST_ENTITY (id, tag, description, image, upload_date, user_id) values (4, 'CR7', '', 'cr7.jpg', current_timestamp, 'd8825758-d02a-4bcc-8146-95fb6fa3ded7');
insert into POST_ENTITY (id, tag, description, image, upload_date, user_id) values (5, 'CR7', '', 'cr7.jpg', current_timestamp, 'd8825758-d02a-4bcc-8146-95fb6fa3ded7');
insert into POST_ENTITY (id, tag, description, image, upload_date, user_id) values (6, 'CR7', '', 'cr7.jpg', current_timestamp, 'eabbe12c-363e-49ff-8b0f-cad8daca9bf9');
insert into POST_ENTITY (id, tag, description, image, upload_date, user_id) values (7, 'CR7', '', 'cr7.jpg', current_timestamp, '7f73bbb2-929b-4228-bfef-46cfaf8e2dfa');
insert into POST_ENTITY (id, tag, description, image, upload_date, user_id) values (8, 'CR7', '', 'cr7.jpg', current_timestamp, 'e814eaf6-64b2-423c-a94e-82c5a09da4dd');
insert into POST_ENTITY (id, tag, description, image, upload_date, user_id) values (9, 'CR7', '', 'cr7.jpg', current_timestamp, '563d2700-0c3c-4276-a4c4-55f861ebe90a');
insert into POST_ENTITY (id, tag, description, image, upload_date, user_id) values (10, 'CR7', '', 'cr7.jpg', current_timestamp, 'd8825758-d02a-4bcc-8146-95fb6fa3ded7');
insert into POST_ENTITY (id, tag, description, image, upload_date, user_id) values (11, 'MESSI', '', 'messi.jpg', current_timestamp, '51057cde-9852-4cd5-be5e-091979495656');
insert into POST_ENTITY (id, tag, description, image, upload_date, user_id) values (12, 'MESSI', '', 'messi.jpg', current_timestamp, '51057cde-9852-4cd5-be5e-091979495656');
insert into POST_ENTITY (id, tag, description, image, upload_date, user_id) values (13, 'MESSI', '', 'messi.jpg', current_timestamp, '51057cde-9852-4cd5-be5e-091979495656');
insert into POST_ENTITY (id, tag, description, image, upload_date, user_id) values (14, 'MESSI', '', 'messi.jpg', current_timestamp, 'eabbe12c-363e-49ff-8b0f-cad8daca9bf9');
insert into POST_ENTITY (id, tag, description, image, upload_date, user_id) values (15, 'MESSI', '', 'messi.jpg', current_timestamp, 'eabbe12c-363e-49ff-8b0f-cad8daca9bf9');
insert into POST_ENTITY (id, tag, description, image, upload_date, user_id) values (16, 'MESSI', '', 'messi.jpg', current_timestamp, 'eabbe12c-363e-49ff-8b0f-cad8daca9bf9');
insert into POST_ENTITY (id, tag, description, image, upload_date, user_id) values (17, 'MESSI', '', 'messi.jpg', current_timestamp, '563d2700-0c3c-4276-a4c4-55f861ebe90a');
insert into POST_ENTITY (id, tag, description, image, upload_date, user_id) values (18, 'MESSI', '', 'messi.jpg', current_timestamp, '563d2700-0c3c-4276-a4c4-55f861ebe90a');
insert into POST_ENTITY (id, tag, description, image, upload_date, user_id) values (19, 'MESSI', '', 'messi.jpg', current_timestamp, 'd8825758-d02a-4bcc-8146-95fb6fa3ded7');
insert into POST_ENTITY (id, tag, description, image, upload_date, user_id) values (20, 'MESSI', '', 'messi.jpg', current_timestamp, 'd8825758-d02a-4bcc-8146-95fb6fa3ded7');
insert into POST_ENTITY (id, tag, description, image, upload_date, user_id) values (21, '#NEYMAR', 'Neymar is the best player', 'neymar.jpg', current_timestamp, '51057cde-9852-4cd5-be5e-091979495656');
insert into POST_ENTITY (id, tag, description, image, upload_date, user_id) values (22, '#CR7', '', 'cr7.jpg', current_timestamp, '51057cde-9852-4cd5-be5e-091979495656');
insert into POST_ENTITY (id, tag, description, image, upload_date, user_id) values (23, '#CR7', '', 'cr7.jpg', current_timestamp, 'd8825758-d02a-4bcc-8146-95fb6fa3ded7');
insert into POST_ENTITY (id, tag, description, image, upload_date, user_id) values (24, '#CR7', '', 'cr7.jpg', current_timestamp, 'd8825758-d02a-4bcc-8146-95fb6fa3ded7');
insert into POST_ENTITY (id, tag, description, image, upload_date, user_id) values (25, '#CR7', '', 'cr7.jpg', current_timestamp, 'd8825758-d02a-4bcc-8146-95fb6fa3ded7');
insert into POST_ENTITY (id, tag, description, image, upload_date, user_id) values (26, '#CR7', '', 'cr7.jpg', current_timestamp, 'eabbe12c-363e-49ff-8b0f-cad8daca9bf9');
insert into POST_ENTITY (id, tag, description, image, upload_date, user_id) values (27, '#CR7', '', 'cr7.jpg', current_timestamp, '7f73bbb2-929b-4228-bfef-46cfaf8e2dfa');
insert into POST_ENTITY (id, tag, description, image, upload_date, user_id) values (28, '#CR7', '', 'cr7.jpg', current_timestamp, 'e814eaf6-64b2-423c-a94e-82c5a09da4dd');
insert into POST_ENTITY (id, tag, description, image, upload_date, user_id) values (29, '#CR7', '', 'cr7.jpg', current_timestamp, '563d2700-0c3c-4276-a4c4-55f861ebe90a');
insert into POST_ENTITY (id, tag, description, image, upload_date, user_id) values (30, '#CR7', '', 'cr7.jpg', current_timestamp, 'd8825758-d02a-4bcc-8146-95fb6fa3ded7');
insert into POST_ENTITY (id, tag, description, image, upload_date, user_id) values (31, '#MESSI', '', 'messi.jpg', current_timestamp, '51057cde-9852-4cd5-be5e-091979495656');
insert into POST_ENTITY (id, tag, description, image, upload_date, user_id) values (32, '#MESSI', '', 'messi.jpg', current_timestamp, '51057cde-9852-4cd5-be5e-091979495656');
insert into POST_ENTITY (id, tag, description, image, upload_date, user_id) values (33, '#MESSI', '', 'messi.jpg', current_timestamp, '51057cde-9852-4cd5-be5e-091979495656');
insert into POST_ENTITY (id, tag, description, image, upload_date, user_id) values (34, '#MESSI', '', 'messi.jpg', current_timestamp, 'eabbe12c-363e-49ff-8b0f-cad8daca9bf9');
insert into POST_ENTITY (id, tag, description, image, upload_date, user_id) values (35, '#MESSI', '', 'messi.jpg', current_timestamp, 'eabbe12c-363e-49ff-8b0f-cad8daca9bf9');
insert into POST_ENTITY (id, tag, description, image, upload_date, user_id) values (36, '#MESSI', '', 'messi.jpg', current_timestamp, 'eabbe12c-363e-49ff-8b0f-cad8daca9bf9');
insert into POST_ENTITY (id, tag, description, image, upload_date, user_id) values (37, '#MESSI', '', 'messi.jpg', current_timestamp, '563d2700-0c3c-4276-a4c4-55f861ebe90a');
insert into POST_ENTITY (id, tag, description, image, upload_date, user_id) values (38, '#MESSI', '', 'messi.jpg', current_timestamp, '563d2700-0c3c-4276-a4c4-55f861ebe90a');
insert into POST_ENTITY (id, tag, description, image, upload_date, user_id) values (39, '#MESSI', '', 'messi.jpg', current_timestamp, 'd8825758-d02a-4bcc-8146-95fb6fa3ded7');
insert into POST_ENTITY (id, tag, description, image, upload_date, user_id) values (40, '#MESSI', '', 'messi.jpg', current_timestamp, 'd8825758-d02a-4bcc-8146-95fb6fa3ded7');


insert into COMMENTARY_ENTITY (id, message, update_commentary, post_id, author) values (41, 'innovate intuitive models', current_timestamp, 1, 'abb9feac-f0ec-45cf-91a9-5d21c789da2d');
insert into COMMENTARY_ENTITY (id, message, update_commentary, post_id, author) values (42, 'productize magnetic e-markets', current_timestamp, 1, '9905d7cf-66c1-40d5-a1de-3c1de754b030');
insert into COMMENTARY_ENTITY (id, message, update_commentary, post_id, author) values (43, 'cultivate dot-com infomediaries', current_timestamp, 1, 'e814eaf6-64b2-423c-a94e-82c5a09da4dd');
insert into COMMENTARY_ENTITY (id, message, update_commentary, post_id, author) values (44, 'repurpose visionary action-items', current_timestamp, 1, 'abb9feac-f0ec-45cf-91a9-5d21c789da2d');
insert into COMMENTARY_ENTITY (id, message, update_commentary, post_id, author) values (45, 'morph web-enabled initiatives', current_timestamp, 2, 'abb9feac-f0ec-45cf-91a9-5d21c789da2d');
insert into COMMENTARY_ENTITY (id, message, update_commentary, post_id, author) values (46, 'engineer rich schemas', current_timestamp, 3, 'cc1692e1-f031-4675-a0b1-96aeeada21aa');
insert into COMMENTARY_ENTITY (id, message, update_commentary, post_id, author) values (47, 'deploy magnetic eyeballs', current_timestamp, 5, 'cc1692e1-f031-4675-a0b1-96aeeada21aa');
insert into COMMENTARY_ENTITY (id, message, update_commentary, post_id, author) values (48, 'monetize best-of-breed eyeballs', current_timestamp, 3, 'abb9feac-f0ec-45cf-91a9-5d21c789da2d');
insert into COMMENTARY_ENTITY (id, message, update_commentary, post_id, author) values (70, 'harness transparent platforms', current_timestamp, 2, 'cc1692e1-f031-4675-a0b1-96aeeada21aa');
insert into COMMENTARY_ENTITY (id, message, update_commentary, post_id, author) values (49, 'embrace clicks-and-mortar e-services', current_timestamp, 1, 'abb9feac-f0ec-45cf-91a9-5d21c789da2d');
insert into COMMENTARY_ENTITY (id, message, update_commentary, post_id, author) values (50, 'engage 24/7 users', current_timestamp, 4, 'cc1692e1-f031-4675-a0b1-96aeeada21aa');
insert into COMMENTARY_ENTITY (id, message, update_commentary, post_id, author) values (51, 'engage dot-com e-business', current_timestamp, 7, '7f73bbb2-929b-4228-bfef-46cfaf8e2dfa');
insert into COMMENTARY_ENTITY (id, message, update_commentary, post_id, author) values (52, 'repurpose synergistic users', current_timestamp, 8, '7f73bbb2-929b-4228-bfef-46cfaf8e2dfa');
insert into COMMENTARY_ENTITY (id, message, update_commentary, post_id, author) values (53, 'architect web-enabled functionalities', current_timestamp, 5, '7f73bbb2-929b-4228-bfef-46cfaf8e2dfa');
insert into COMMENTARY_ENTITY (id, message, update_commentary, post_id, author) values (54, 'reintermediate bricks-and-clicks deliverables', current_timestamp, 4, 'abb9feac-f0ec-45cf-91a9-5d21c789da2d');
insert into COMMENTARY_ENTITY (id, message, update_commentary, post_id, author) values (55, 'repurpose holistic systems', current_timestamp, 5, '7f73bbb2-929b-4228-bfef-46cfaf8e2dfa');
insert into COMMENTARY_ENTITY (id, message, update_commentary, post_id, author) values (56, 'streamline plug-and-play infrastructures', current_timestamp, 5, '7f73bbb2-929b-4228-bfef-46cfaf8e2dfa');
insert into COMMENTARY_ENTITY (id, message, update_commentary, post_id, author) values (57, 'recontextualize killer relationships', current_timestamp, 4, 'abb9feac-f0ec-45cf-91a9-5d21c789da2d');
insert into COMMENTARY_ENTITY (id, message, update_commentary, post_id, author) values (58, 'whiteboard open-source channels', current_timestamp, 5, '7f73bbb2-929b-4228-bfef-46cfaf8e2dfa');
insert into COMMENTARY_ENTITY (id, message, update_commentary, post_id, author) values (59, 'strategize cross-media deliverables', current_timestamp, 3, 'abb9feac-f0ec-45cf-91a9-5d21c789da2d');
insert into COMMENTARY_ENTITY (id, message, update_commentary, post_id, author) values (60, 'seize e-business portals', current_timestamp, 5, 'cc1692e1-f031-4675-a0b1-96aeeada21aa');
insert into COMMENTARY_ENTITY (id, message, update_commentary, post_id, author) values (61, 'monetize 24/7 bandwidth', current_timestamp, 4, '7f73bbb2-929b-4228-bfef-46cfaf8e2dfa');
insert into COMMENTARY_ENTITY (id, message, update_commentary, post_id, author) values (62, 'engage bleeding-edge paradigms', current_timestamp, 4, '7f73bbb2-929b-4228-bfef-46cfaf8e2dfa');
insert into COMMENTARY_ENTITY (id, message, update_commentary, post_id, author) values (63, 'unleash end-to-end experiences', current_timestamp, 1, 'd8825758-d02a-4bcc-8146-95fb6fa3ded7');
insert into COMMENTARY_ENTITY (id, message, update_commentary, post_id, author) values (64, 'revolutionize back-end content', current_timestamp, 4, 'abb9feac-f0ec-45cf-91a9-5d21c789da2d');
insert into COMMENTARY_ENTITY (id, message, update_commentary, post_id, author) values (65, 'recontextualize open-source initiatives', current_timestamp, 1, 'abb9feac-f0ec-45cf-91a9-5d21c789da2d');
insert into COMMENTARY_ENTITY (id, message, update_commentary, post_id, author) values (66, 'benchmark clicks-and-mortar models', current_timestamp, 4, 'd8825758-d02a-4bcc-8146-95fb6fa3ded7');
insert into COMMENTARY_ENTITY (id, message, update_commentary, post_id, author) values (67, 'cultivate frictionless synergies', current_timestamp, 6, 'abb9feac-f0ec-45cf-91a9-5d21c789da2d');
insert into COMMENTARY_ENTITY (id, message, update_commentary, post_id, author) values (68, 'redefine revolutionary web-readiness', current_timestamp, 6, 'abb9feac-f0ec-45cf-91a9-5d21c789da2d');
insert into COMMENTARY_ENTITY (id, message, update_commentary, post_id, author) values (69, 'repurpose ubiquitous solutions', current_timestamp, 6, 'd8825758-d02a-4bcc-8146-95fb6fa3ded7');

alter sequence hibernate_sequence restart with 1000;